{"cameraMode":{"drawMode":0,"name":"Shaded","section":"Shading Mode"},"sceneLighting":true,"audioPlay":false,"sceneViewState":{"showFog":true,"showMaterialUpdate":false,"showSkybox":true,"showFlares":true,"showImageEffects":true,"showParticleSystems":true},"in2DMode":false,"pivot":{"x":-0.6577258110046387,"y":0.669182300567627,"z":0.7214791178703308},"rotation":{"x":0.11747138947248459,"y":-0.4511007070541382,"z":0.06005473807454109,"w":0.8827335834503174},"size":2.2588791847229006,"orthographic":false}