{"cameraMode":{"drawMode":0,"name":"Shaded","section":"Shading Mode"},"sceneLighting":true,"audioPlay":false,"sceneViewState":{"showFog":true,"showMaterialUpdate":false,"showSkybox":true,"showFlares":true,"showImageEffects":true,"showParticleSystems":true},"in2DMode":false,"pivot":{"x":0.3543439507484436,"y":0.8277162909507752,"z":-0.2779690623283386},"rotation":{"x":-0.03337492421269417,"y":0.21689610183238984,"z":0.007395236287266016,"w":0.975633978843689},"size":0.6915403604507446,"orthographic":false}