{"cameraMode":{"drawMode":0,"name":"Shaded","section":"Shading Mode"},"sceneLighting":true,"audioPlay":false,"sceneViewState":{"showFog":true,"showMaterialUpdate":false,"showSkybox":true,"showFlares":true,"showImageEffects":true,"showParticleSystems":true},"in2DMode":false,"pivot":{"x":-1.0367836952209473,"y":0.5113999247550964,"z":1.505342721939087},"rotation":{"x":-0.058027397841215137,"y":0.6154356002807617,"z":-0.045514173805713657,"w":-0.7848055958747864},"size":2.1516549587249758,"orthographic":false}