{"cameraMode":{"drawMode":0,"name":"Shaded","section":"Shading Mode"},"sceneLighting":true,"audioPlay":false,"sceneViewState":{"showFog":true,"showMaterialUpdate":false,"showSkybox":true,"showFlares":true,"showImageEffects":true,"showParticleSystems":true},"in2DMode":false,"pivot":{"x":-0.07520496845245362,"y":0.5970144271850586,"z":0.19900089502334596},"rotation":{"x":-0.04880661889910698,"y":-0.8899707198143005,"z":0.09812697768211365,"w":-0.4427497386932373},"size":1.5915403366088868,"orthographic":false}